timestamp,open,high,low,close,volume
2026-05-03 16:00:00+00:00,1.39571,1.39623,1.3941,1.39465,11598.68789522
2026-05-03 16:15:00+00:00,1.39463,1.3953,1.39406,1.39513,13275.21207855
2026-05-03 16:30:00+00:00,1.39513,1.39785,1.39512,1.39613,14271.03242785
2026-05-03 16:45:00+00:00,1.3961,1.39632,1.39424,1.39424,12555.61929113
2026-05-03 17:00:00+00:00,1.3943,1.39514,1.39251,1.39496,21747.81054123
2026-05-03 17:15:00+00:00,1.3949,1.39632,1.3949,1.39502,31950.39467947
2026-05-03 17:30:00+00:00,1.39501,1.39633,1.39467,1.39603,19965.16030704
2026-05-03 17:45:00+00:00,1.39603,1.39603,1.39423,1.39465,52255.55973151
2026-05-03 18:00:00+00:00,1.39503,1.39504,1.39395,1.39467,17545.1434653
2026-05-03 18:15:00+00:00,1.39461,1.39526,1.39341,1.39434,21130.85812202
2026-05-03 18:30:00+00:00,1.39451,1.3946,1.3934,1.39396,5804.92330219
2026-05-03 18:45:00+00:00,1.39372,1.39499,1.39372,1.39395,6019.48938943
2026-05-03 19:00:00+00:00,1.39397,1.39489,1.39339,1.39359,12895.81830418
2026-05-03 19:15:00+00:00,1.39366,1.39488,1.39338,1.39474,50804.6663643
2026-05-03 19:30:00+00:00,1.39477,1.39736,1.39477,1.39596,314643.14221239
2026-05-03 19:45:00+00:00,1.39596,1.39613,1.39493,1.39506,10356.33250454
2026-05-03 20:00:00+00:00,1.39491,1.39539,1.39367,1.39372,14821.44856974
2026-05-03 20:15:00+00:00,1.39361,1.39526,1.39234,1.39488,19307.82405396
2026-05-03 20:30:00+00:00,1.39498,1.39921,1.39459,1.39599,313987.27089687
2026-05-03 20:45:00+00:00,1.39611,1.39629,1.39214,1.39296,40693.05567253
2026-05-03 21:00:00+00:00,1.39309,1.3955,1.39203,1.39548,16691.46237117
2026-05-03 21:15:00+00:00,1.3955,1.39559,1.39286,1.39336,27127.03399123
2026-05-03 21:30:00+00:00,1.39332,1.39409,1.38955,1.38968,43546.17232196
2026-05-03 21:45:00+00:00,1.3896,1.39188,1.38894,1.39177,37030.1697346
2026-05-03 22:00:00+00:00,1.39177,1.40206,1.39177,1.40098,176232.65247873
2026-05-03 22:15:00+00:00,1.40173,1.40404,1.39739,1.39776,169295.19717943
2026-05-03 22:30:00+00:00,1.398,1.4,1.39657,1.39983,12294.2310496
2026-05-03 22:45:00+00:00,1.4,1.40129,1.39725,1.39751,56348.90496778
2026-05-03 23:00:00+00:00,1.39771,1.40081,1.39708,1.39734,21825.43925247
2026-05-03 23:15:00+00:00,1.39738,1.39765,1.38923,1.38967,59296.78235749
2026-05-03 23:30:00+00:00,1.38937,1.39107,1.38834,1.38875,21175.58092479
2026-05-03 23:45:00+00:00,1.3884,1.3884,1.3871,1.38763,32386.88400649
2026-05-04 00:00:00+00:00,1.38764,1.38879,1.38518,1.38742,66821.44106639
2026-05-04 00:15:00+00:00,1.38743,1.38743,1.38314,1.38564,90328.72047574
2026-05-04 00:30:00+00:00,1.38564,1.38631,1.38334,1.38385,17596.2189483
2026-05-04 00:45:00+00:00,1.38438,1.38875,1.384,1.38836,217288.35321988
2026-05-04 01:00:00+00:00,1.3885,1.39049,1.38485,1.38557,30371.09580495
2026-05-04 01:15:00+00:00,1.38618,1.3868,1.3836,1.3868,33630.01203609
2026-05-04 01:30:00+00:00,1.38673,1.40022,1.38673,1.39149,211332.40332854
2026-05-04 01:45:00+00:00,1.39069,1.40656,1.39069,1.40455,372442.52800995
2026-05-04 02:00:00+00:00,1.4049,1.41144,1.40099,1.40576,581113.2469661
2026-05-04 02:15:00+00:00,1.40613,1.40965,1.40282,1.40524,121641.87799246
2026-05-04 02:30:00+00:00,1.4057,1.413,1.40555,1.41133,193249.12862238
2026-05-04 02:45:00+00:00,1.41152,1.41484,1.40934,1.41023,116537.73550417
2026-05-04 03:00:00+00:00,1.41034,1.4144,1.40891,1.41327,252667.63344719
2026-05-04 03:15:00+00:00,1.4133,1.4133,1.40884,1.4098,120992.78756972
2026-05-04 03:30:00+00:00,1.4099,1.41147,1.40766,1.41147,333373.03785264
2026-05-04 03:45:00+00:00,1.41124,1.41328,1.40916,1.41234,74361.46959109
2026-05-04 04:00:00+00:00,1.41295,1.41518,1.41269,1.41465,62096.82069931
2026-05-04 04:15:00+00:00,1.41518,1.4199,1.41518,1.4169,468687.33610288
2026-05-04 04:30:00+00:00,1.4169,1.41886,1.41657,1.41728,98579.96164377
2026-05-04 04:45:00+00:00,1.41751,1.41827,1.41485,1.41597,125224.63048968
2026-05-04 05:00:00+00:00,1.41598,1.41709,1.41356,1.41356,153644.1719615
2026-05-04 05:15:00+00:00,1.41371,1.41376,1.41105,1.41139,56843.0736429
2026-05-04 05:30:00+00:00,1.41082,1.41428,1.41068,1.41367,220079.41370981
2026-05-04 05:45:00+00:00,1.41365,1.41365,1.41159,1.41179,20969.44161186
2026-05-04 06:00:00+00:00,1.41178,1.4123,1.40871,1.41123,1009225.44354046
2026-05-04 06:15:00+00:00,1.41037,1.41069,1.40224,1.4046,228480.30377996
2026-05-04 06:30:00+00:00,1.4046,1.40838,1.4046,1.40807,13410.26716541
2026-05-04 06:45:00+00:00,1.40872,1.41099,1.4078,1.40919,74409.63821942
2026-05-04 07:00:00+00:00,1.4091,1.41222,1.40769,1.41222,23414.7489662
2026-05-04 07:15:00+00:00,1.41307,1.41308,1.4109,1.41103,9209.04679734
2026-05-04 07:30:00+00:00,1.41101,1.4116,1.40951,1.41038,6845.6640877
2026-05-04 07:45:00+00:00,1.41128,1.4139,1.41009,1.4102,15869.83888053
2026-05-04 08:00:00+00:00,1.4102,1.41172,1.40722,1.41172,22083.33572047
2026-05-04 08:15:00+00:00,1.41178,1.41178,1.41038,1.411,89875.29297548
2026-05-04 08:30:00+00:00,1.41113,1.41216,1.40998,1.40998,8497.57583413
2026-05-04 08:45:00+00:00,1.41018,1.41271,1.41018,1.41147,23566.68219238
2026-05-04 09:00:00+00:00,1.41129,1.41529,1.41067,1.41418,13373.54125912
2026-05-04 09:15:00+00:00,1.41451,1.4158,1.41362,1.41386,15329.7368686
2026-05-04 09:30:00+00:00,1.41383,1.41915,1.41334,1.41893,34323.75247491
2026-05-04 09:45:00+00:00,1.41892,1.41921,1.41632,1.41707,29366.8593656
2026-05-04 10:00:00+00:00,1.41764,1.41766,1.39185,1.3931,645903.15938294
2026-05-04 10:15:00+00:00,1.39386,1.3941,1.38567,1.38906,370437.46515898
2026-05-04 10:30:00+00:00,1.38924,1.39771,1.38838,1.39675,138354.02022097
2026-05-04 10:45:00+00:00,1.39667,1.39786,1.39438,1.39508,59867.21040307
2026-05-04 11:00:00+00:00,1.39476,1.39749,1.39448,1.3961,61823.63341992
2026-05-04 11:15:00+00:00,1.39626,1.39705,1.39265,1.39305,17422.39606765
2026-05-04 11:30:00+00:00,1.3929,1.39481,1.39231,1.39319,295304.22658128
2026-05-04 11:45:00+00:00,1.39311,1.39567,1.393,1.39448,51066.20731323
2026-05-04 12:00:00+00:00,1.39356,1.39477,1.39249,1.39362,66035.88932458
2026-05-04 12:15:00+00:00,1.39332,1.39665,1.39264,1.39475,18779.87694858
2026-05-04 12:30:00+00:00,1.39481,1.39521,1.39324,1.39508,23555.66476225
2026-05-04 12:45:00+00:00,1.39499,1.3959,1.39321,1.39357,79702.57969247
2026-05-04 13:00:00+00:00,1.39317,1.39721,1.38832,1.39495,49673.32179257
2026-05-04 13:15:00+00:00,1.39453,1.39644,1.39415,1.39619,16266.98837571
2026-05-04 13:30:00+00:00,1.39664,1.39949,1.39531,1.39636,40340.45771564
2026-05-04 13:45:00+00:00,1.39625,1.39723,1.39223,1.39345,87485.8828544
2026-05-04 14:00:00+00:00,1.39348,1.39601,1.38897,1.39601,158423.26472366
2026-05-04 14:15:00+00:00,1.39557,1.4,1.39557,1.39754,175216.81975073
2026-05-04 14:30:00+00:00,1.39763,1.40406,1.39729,1.402,159987.3237866
2026-05-04 14:45:00+00:00,1.40224,1.41322,1.40224,1.40845,178914.2050957
2026-05-04 15:00:00+00:00,1.4084,1.40882,1.40484,1.40663,305347.29074146
2026-05-04 15:15:00+00:00,1.40651,1.4086,1.39576,1.39892,95681.07634338
2026-05-04 15:30:00+00:00,1.39928,1.39942,1.39503,1.39849,77093.17985687
2026-05-04 15:45:00+00:00,1.39808,1.40081,1.39301,1.39905,68095.21317905
2026-05-04 16:00:00+00:00,1.39905,1.39965,1.39424,1.39474,354322.74440662
2026-05-04 16:15:00+00:00,1.39509,1.40497,1.39364,1.4028,108409.68581476
2026-05-04 16:30:00+00:00,1.40282,1.40424,1.40177,1.40329,36886.26769745
2026-05-04 16:45:00+00:00,1.40314,1.40382,1.39973,1.40048,131689.13978995
2026-05-04 17:00:00+00:00,1.40048,1.40619,1.40006,1.40538,42218.54696118
2026-05-04 17:15:00+00:00,1.40553,1.40794,1.40448,1.40632,301198.20099669
2026-05-04 17:30:00+00:00,1.406,1.40606,1.40389,1.40514,35455.00387731
2026-05-04 17:45:00+00:00,1.40507,1.41168,1.40482,1.40838,142809.44747895
2026-05-04 18:00:00+00:00,1.40905,1.4098,1.40727,1.40905,50349.15440853
2026-05-04 18:15:00+00:00,1.40885,1.40885,1.40427,1.40596,61259.47647211
2026-05-04 18:30:00+00:00,1.40614,1.40651,1.40332,1.4035,50189.09931756
2026-05-04 18:45:00+00:00,1.40361,1.40457,1.40155,1.40378,241003.04119627
2026-05-04 19:00:00+00:00,1.40379,1.40408,1.40018,1.40114,142086.90525419
2026-05-04 19:15:00+00:00,1.40121,1.40123,1.39795,1.39871,98009.29147195
2026-05-04 19:30:00+00:00,1.39874,1.39984,1.39771,1.39865,20234.47365207
2026-05-04 19:45:00+00:00,1.39774,1.39932,1.39769,1.39781,43046.19082131
2026-05-04 20:00:00+00:00,1.39752,1.39752,1.39491,1.3965,96088.39237095
2026-05-04 20:15:00+00:00,1.39695,1.39695,1.39358,1.39375,40470.08564088
2026-05-04 20:30:00+00:00,1.39392,1.39425,1.3923,1.3926,103754.08779459
2026-05-04 20:45:00+00:00,1.39261,1.39347,1.39222,1.39302,33991.60225821
2026-05-04 21:00:00+00:00,1.39302,1.39525,1.39299,1.39503,22205.52576402
2026-05-04 21:15:00+00:00,1.39533,1.39673,1.39441,1.3958,21525.41823575
2026-05-04 21:30:00+00:00,1.39655,1.39806,1.39649,1.39721,24325.13108088
2026-05-04 21:45:00+00:00,1.39722,1.39877,1.39708,1.39738,24368.72519436
2026-05-04 22:00:00+00:00,1.39716,1.40069,1.39702,1.40068,130300.42251146
2026-05-04 22:15:00+00:00,1.40069,1.40116,1.39759,1.3976,11446.34763892
2026-05-04 22:30:00+00:00,1.39759,1.39759,1.39455,1.395,82714.43495628
2026-05-04 22:45:00+00:00,1.39501,1.39668,1.3944,1.39501,23523.70876153
2026-05-04 23:00:00+00:00,1.39536,1.39536,1.39144,1.3926,17057.61913059
2026-05-04 23:15:00+00:00,1.39247,1.3938,1.39164,1.39379,24124.89681385
2026-05-04 23:30:00+00:00,1.3931,1.39337,1.39041,1.39069,19087.90353651
2026-05-04 23:45:00+00:00,1.39045,1.39262,1.39023,1.39166,234917.73224604
2026-05-05 00:00:00+00:00,1.39168,1.39332,1.39094,1.39169,37047.02445998
2026-05-05 00:15:00+00:00,1.39123,1.39232,1.39048,1.39048,17992.84676931
2026-05-05 00:30:00+00:00,1.39044,1.39457,1.39044,1.39343,17244.52267756
2026-05-05 00:45:00+00:00,1.39393,1.39589,1.39374,1.39529,11304.06026842
2026-05-05 01:00:00+00:00,1.39528,1.39779,1.3939,1.39746,65875.26407161
2026-05-05 01:15:00+00:00,1.39704,1.39763,1.39538,1.39662,33241.30564211
2026-05-05 01:30:00+00:00,1.39688,1.39811,1.39541,1.39646,34612.2506912
2026-05-05 01:45:00+00:00,1.39615,1.39835,1.39615,1.3971,25163.21542054
2026-05-05 02:00:00+00:00,1.39697,1.39995,1.39655,1.39835,59485.21202917
2026-05-05 02:15:00+00:00,1.39812,1.40079,1.39788,1.40017,17612.4264742
2026-05-05 02:30:00+00:00,1.40035,1.40361,1.4002,1.40361,65847.77359844
2026-05-05 02:45:00+00:00,1.40361,1.4045,1.39963,1.40034,85261.90672472
2026-05-05 03:00:00+00:00,1.40118,1.40319,1.39931,1.40318,13844.39688421
2026-05-05 03:15:00+00:00,1.40294,1.40466,1.40224,1.40466,25690.60790447
2026-05-05 03:30:00+00:00,1.40456,1.4082,1.40342,1.40819,52304.3875978
2026-05-05 03:45:00+00:00,1.4082,1.40965,1.40515,1.40575,162423.77155158
2026-05-05 04:00:00+00:00,1.40594,1.4066,1.40334,1.40351,28890.00972058
2026-05-05 04:15:00+00:00,1.40431,1.40524,1.39923,1.40228,1024243.62837273
2026-05-05 04:30:00+00:00,1.40227,1.40227,1.4008,1.4008,236573.33503659
2026-05-05 04:45:00+00:00,1.40067,1.40361,1.40045,1.40155,20572.26771094
2026-05-05 05:00:00+00:00,1.40156,1.40156,1.39974,1.40029,10277.00965879
2026-05-05 05:15:00+00:00,1.4005,1.40357,1.40049,1.403,49512.04787614
2026-05-05 05:30:00+00:00,1.40297,1.40619,1.40196,1.40199,15807.20868075
2026-05-05 05:45:00+00:00,1.40157,1.40333,1.4,1.40166,128167.7609743
2026-05-05 06:00:00+00:00,1.40155,1.40412,1.401,1.4039,7849.65855458
2026-05-05 06:15:00+00:00,1.40395,1.40399,1.40111,1.40126,139569.92748086
2026-05-05 06:30:00+00:00,1.40136,1.40293,1.40117,1.40187,30704.6165642
2026-05-05 06:45:00+00:00,1.40191,1.40689,1.40183,1.40673,145502.17960549
2026-05-05 07:00:00+00:00,1.40698,1.4087,1.40217,1.40522,172611.16763653
2026-05-05 07:15:00+00:00,1.40552,1.4075,1.40482,1.40692,4050.80737857
2026-05-05 07:30:00+00:00,1.40692,1.4098,1.40692,1.40712,35244.64399025
2026-05-05 07:45:00+00:00,1.40743,1.40751,1.40548,1.4068,30752.15674816
2026-05-05 08:00:00+00:00,1.40671,1.408,1.4063,1.40789,2727.70301547
2026-05-05 08:15:00+00:00,1.40789,1.4079,1.40633,1.40767,74169.90131286
2026-05-05 08:30:00+00:00,1.40836,1.40897,1.40646,1.4066,40810.3421863
2026-05-05 08:45:00+00:00,1.40652,1.40815,1.40652,1.40689,14737.23520379
2026-05-05 09:00:00+00:00,1.4069,1.4069,1.40459,1.40459,5459.13630693
2026-05-05 09:15:00+00:00,1.40504,1.40521,1.40351,1.40496,35209.06464414
2026-05-05 09:30:00+00:00,1.40469,1.40508,1.40222,1.40222,5815.37359687
2026-05-05 09:45:00+00:00,1.40257,1.40329,1.40211,1.40328,3525.38448593
2026-05-05 10:00:00+00:00,1.40326,1.40505,1.40234,1.40377,47475.54653129
2026-05-05 10:15:00+00:00,1.40388,1.40453,1.40326,1.40379,12261.75560175
2026-05-05 10:30:00+00:00,1.40383,1.40699,1.40349,1.40632,24824.41951604
2026-05-05 10:45:00+00:00,1.40623,1.40699,1.40443,1.40649,18321.25103519
2026-05-05 11:00:00+00:00,1.40654,1.40654,1.40478,1.40627,12108.33209258
2026-05-05 11:15:00+00:00,1.405,1.40518,1.40211,1.40518,14303.25552394
2026-05-05 11:30:00+00:00,1.4049,1.40753,1.40462,1.40731,10779.69724882
2026-05-05 11:45:00+00:00,1.40745,1.40841,1.40545,1.40763,18405.28299557
2026-05-05 12:00:00+00:00,1.40777,1.40918,1.40646,1.40856,21173.7401047
2026-05-05 12:15:00+00:00,1.40847,1.40985,1.40749,1.40983,88871.12834567
2026-05-05 12:30:00+00:00,1.4099,1.41371,1.4099,1.41279,313109.74240671
2026-05-05 12:45:00+00:00,1.41252,1.414,1.41164,1.41295,161289.81721928
2026-05-05 13:00:00+00:00,1.41285,1.42,1.41277,1.41804,193948.27720519
2026-05-05 13:15:00+00:00,1.41834,1.41855,1.41421,1.41486,138140.90624307
2026-05-05 13:30:00+00:00,1.41488,1.41635,1.41183,1.41434,313993.8773632
2026-05-05 13:45:00+00:00,1.41468,1.41676,1.4113,1.41343,231096.36013955
2026-05-05 14:00:00+00:00,1.41271,1.41372,1.40811,1.40839,67451.96590633
2026-05-05 14:15:00+00:00,1.4081,1.41052,1.40455,1.40988,101636.85224247
2026-05-05 14:30:00+00:00,1.4102,1.41175,1.40524,1.40729,75860.40907606
2026-05-05 14:45:00+00:00,1.40735,1.41142,1.40594,1.41103,35279.51708767
2026-05-05 15:00:00+00:00,1.41074,1.41529,1.41024,1.41416,72667.72344497
2026-05-05 15:15:00+00:00,1.41428,1.41498,1.41299,1.41448,93176.05911216
2026-05-05 15:30:00+00:00,1.41517,1.41596,1.41299,1.41299,21866.32778152
2026-05-05 15:45:00+00:00,1.41314,1.41444,1.41175,1.41175,68138.63833833
2026-05-05 16:00:00+00:00,1.41179,1.4132,1.41127,1.41266,36874.27730818
2026-05-05 16:15:00+00:00,1.41244,1.41503,1.4101,1.41128,36841.01645945
2026-05-05 16:30:00+00:00,1.41137,1.41137,1.405,1.40519,179019.59181414
2026-05-05 16:45:00+00:00,1.40501,1.40927,1.40501,1.40787,25069.06440656
2026-05-05 17:00:00+00:00,1.40783,1.40841,1.40505,1.40678,29528.36972548
2026-05-05 17:15:00+00:00,1.40645,1.40924,1.40637,1.40785,42918.69019001
2026-05-05 17:30:00+00:00,1.40785,1.40891,1.40615,1.40891,37005.3717909
2026-05-05 17:45:00+00:00,1.40867,1.40969,1.40787,1.40837,16684.10894638
2026-05-05 18:00:00+00:00,1.40829,1.4124,1.40795,1.4124,64885.50787391
2026-05-05 18:15:00+00:00,1.41228,1.41229,1.40925,1.41105,15076.5418446
2026-05-05 18:30:00+00:00,1.41076,1.41118,1.40924,1.41082,23491.80309075
2026-05-05 18:45:00+00:00,1.41082,1.41213,1.40929,1.4099,18012.000899
2026-05-05 19:00:00+00:00,1.40997,1.41056,1.40913,1.40923,56602.48732105
2026-05-05 19:15:00+00:00,1.4091,1.41177,1.409,1.4114,53059.47739671
2026-05-05 19:30:00+00:00,1.41138,1.41325,1.411,1.41321,41215.70815817
2026-05-05 19:45:00+00:00,1.41322,1.41344,1.4108,1.41313,82220.98883238
2026-05-05 20:00:00+00:00,1.41314,1.41603,1.41289,1.41479,215947.10533607
2026-05-05 20:15:00+00:00,1.41478,1.41603,1.41249,1.41351,139172.9384335
2026-05-05 20:30:00+00:00,1.41446,1.41818,1.41436,1.41629,166644.70664302
2026-05-05 20:45:00+00:00,1.41679,1.41724,1.41478,1.41679,71222.59796373
2026-05-05 21:00:00+00:00,1.41665,1.42157,1.41587,1.41762,212298.6324388
2026-05-05 21:15:00+00:00,1.41771,1.41817,1.41422,1.41422,79403.35182364
2026-05-05 21:30:00+00:00,1.41487,1.41581,1.41321,1.41331,61501.18407041
2026-05-05 21:45:00+00:00,1.41361,1.41712,1.41339,1.41601,25713.22051616
2026-05-05 22:00:00+00:00,1.41625,1.4212,1.41625,1.41798,109623.76210866
2026-05-05 22:15:00+00:00,1.41787,1.42016,1.4171,1.4183,113614.59349731
2026-05-05 22:30:00+00:00,1.41823,1.41823,1.41,1.41165,379672.70477601
2026-05-05 22:45:00+00:00,1.4123,1.41826,1.41111,1.4159,233358.65536192
2026-05-05 23:00:00+00:00,1.41568,1.41783,1.41434,1.41738,47779.77054569
2026-05-05 23:15:00+00:00,1.41676,1.41687,1.41217,1.41217,63605.09621018
2026-05-05 23:30:00+00:00,1.41238,1.41317,1.40974,1.41194,21477.44129044
2026-05-05 23:45:00+00:00,1.41199,1.4141,1.41199,1.41284,29209.5541369
2026-05-06 00:00:00+00:00,1.4126,1.415,1.41257,1.41314,61801.96761321
2026-05-06 00:15:00+00:00,1.41302,1.41459,1.40949,1.40983,46293.14142483
2026-05-06 00:30:00+00:00,1.40941,1.4106,1.40915,1.4095,75541.46983494
2026-05-06 00:45:00+00:00,1.40921,1.41219,1.40777,1.41107,28280.53726912
2026-05-06 01:00:00+00:00,1.4113,1.41294,1.4097,1.41285,16862.2084721
2026-05-06 01:15:00+00:00,1.41301,1.41816,1.41301,1.41702,257910.41430271
2026-05-06 01:30:00+00:00,1.417,1.41794,1.41596,1.41642,18454.38984749
2026-05-06 01:45:00+00:00,1.41632,1.41937,1.41627,1.41819,180672.69493718
2026-05-06 02:00:00+00:00,1.41829,1.41829,1.41532,1.41638,19511.64725827
2026-05-06 02:15:00+00:00,1.41613,1.41621,1.41219,1.41222,80901.74522408
2026-05-06 02:30:00+00:00,1.41219,1.4136,1.41072,1.41227,25908.14419475
2026-05-06 02:45:00+00:00,1.41292,1.4168,1.41279,1.4161,13712.65786905
2026-05-06 03:00:00+00:00,1.41633,1.41962,1.41629,1.41821,105851.57734288
2026-05-06 03:15:00+00:00,1.418,1.42151,1.41646,1.42005,589925.59949428
2026-05-06 03:30:00+00:00,1.42004,1.424,1.41996,1.42076,168440.71819939
2026-05-06 03:45:00+00:00,1.42076,1.42275,1.4189,1.42206,256394.27163683
2026-05-06 04:00:00+00:00,1.4221,1.42392,1.4208,1.42239,48599.03708592
2026-05-06 04:15:00+00:00,1.42244,1.42252,1.41914,1.41932,135097.8410169
2026-05-06 04:30:00+00:00,1.41934,1.41985,1.41748,1.41985,566948.63582143
2026-05-06 04:45:00+00:00,1.42034,1.42561,1.41796,1.42029,573601.36101284
2026-05-06 05:00:00+00:00,1.41944,1.4204,1.41485,1.4167,471172.78850465
2026-05-06 05:15:00+00:00,1.41639,1.4183,1.41591,1.41772,12841.26158774
2026-05-06 05:30:00+00:00,1.41733,1.4205,1.4142,1.41757,86193.87956845
2026-05-06 05:45:00+00:00,1.41774,1.4231,1.41774,1.42237,219722.02375622
2026-05-06 06:00:00+00:00,1.42233,1.42572,1.422,1.42272,16284.39143895
2026-05-06 06:15:00+00:00,1.4229,1.42447,1.42077,1.42447,33145.07516313
2026-05-06 06:30:00+00:00,1.42447,1.42666,1.42366,1.42661,57504.26729944
2026-05-06 06:45:00+00:00,1.42666,1.42666,1.42484,1.426,87319.48246005
2026-05-06 07:00:00+00:00,1.426,1.42739,1.42465,1.42589,83347.31561899
2026-05-06 07:15:00+00:00,1.4269,1.43394,1.42531,1.43196,216242.49205285
2026-05-06 07:30:00+00:00,1.43123,1.43547,1.42645,1.43274,2150015.12223278
2026-05-06 07:45:00+00:00,1.4326,1.43533,1.42994,1.43112,114193.92250031
2026-05-06 08:00:00+00:00,1.43111,1.4349,1.43001,1.43227,30581.77168079
2026-05-06 08:15:00+00:00,1.43168,1.43209,1.43,1.432,84762.76270579
2026-05-06 08:30:00+00:00,1.43174,1.43712,1.43171,1.4362,69195.05237802
2026-05-06 08:45:00+00:00,1.43679,1.4425,1.43076,1.4425,2022642.63701165
2026-05-06 09:00:00+00:00,1.4425,1.44397,1.43825,1.43838,133029.79626577
2026-05-06 09:15:00+00:00,1.43869,1.44147,1.43869,1.44,75007.99068007
2026-05-06 09:30:00+00:00,1.44,1.44593,1.44,1.44572,185496.30361032
2026-05-06 09:45:00+00:00,1.4454,1.45001,1.44295,1.44857,385580.38226247
2026-05-06 10:00:00+00:00,1.44857,1.45124,1.44653,1.44866,111022.7574091
2026-05-06 10:15:00+00:00,1.44885,1.45196,1.44819,1.44982,129399.88088324
2026-05-06 10:30:00+00:00,1.45,1.4515,1.44861,1.4515,95027.75251563
2026-05-06 10:45:00+00:00,1.45077,1.45366,1.44897,1.45127,267565.37782088
2026-05-06 11:00:00+00:00,1.45126,1.45369,1.45057,1.45266,106526.17538061
2026-05-06 11:15:00+00:00,1.45307,1.45706,1.45278,1.45302,328070.94759349
2026-05-06 11:30:00+00:00,1.45325,1.45471,1.4493,1.44967,219312.27509479
2026-05-06 11:45:00+00:00,1.45016,1.45221,1.44991,1.45071,124431.62934899
2026-05-06 12:00:00+00:00,1.45049,1.45198,1.44656,1.4471,266472.40640394
2026-05-06 12:15:00+00:00,1.44675,1.44983,1.44598,1.44863,154171.75555169
2026-05-06 12:30:00+00:00,1.44837,1.44986,1.44758,1.4479,128719.52366935
2026-05-06 12:45:00+00:00,1.44817,1.44892,1.44436,1.44504,193626.95664992
2026-05-06 13:00:00+00:00,1.44498,1.44498,1.43127,1.4359,197241.52710792
2026-05-06 13:15:00+00:00,1.43676,1.43736,1.42276,1.42586,826551.33241117
2026-05-06 13:30:00+00:00,1.42556,1.42946,1.42303,1.42637,217161.76876276
2026-05-06 13:45:00+00:00,1.42657,1.42663,1.41804,1.42272,246025.53588302
2026-05-06 14:00:00+00:00,1.42266,1.42266,1.41145,1.42,540908.93880117
2026-05-06 14:15:00+00:00,1.42,1.42422,1.41744,1.42299,125182.99892408
2026-05-06 14:30:00+00:00,1.42357,1.42771,1.42316,1.42771,789132.23186468
2026-05-06 14:45:00+00:00,1.42771,1.42966,1.42302,1.42303,148505.75500249
2026-05-06 15:00:00+00:00,1.42349,1.42563,1.42201,1.42259,125379.79629512
2026-05-06 15:15:00+00:00,1.42366,1.43,1.42366,1.42766,113319.34649385
2026-05-06 15:30:00+00:00,1.42798,1.4299,1.42515,1.42938,115181.81303295
2026-05-06 15:45:00+00:00,1.42876,1.43216,1.42876,1.43035,687504.52312163
2026-05-06 16:00:00+00:00,1.43004,1.43412,1.42856,1.43169,98261.79170302
2026-05-06 16:15:00+00:00,1.43167,1.43348,1.42524,1.42546,507564.82057711
2026-05-06 16:30:00+00:00,1.42547,1.43,1.424,1.4298,260425.67918195
2026-05-06 16:45:00+00:00,1.42999,1.43211,1.42875,1.4291,99589.41468589
2026-05-06 17:00:00+00:00,1.42902,1.43089,1.42845,1.42937,40376.69593812
2026-05-06 17:15:00+00:00,1.42861,1.42861,1.42479,1.4272,76358.9085916
2026-05-06 17:30:00+00:00,1.42705,1.42906,1.42681,1.42906,54627.16238309
2026-05-06 17:45:00+00:00,1.42936,1.42943,1.42482,1.42577,45459.12193183
2026-05-06 18:00:00+00:00,1.42595,1.4266,1.42103,1.42538,125071.76419517
2026-05-06 18:15:00+00:00,1.42568,1.42706,1.42483,1.42498,24298.37860399
2026-05-06 18:30:00+00:00,1.42477,1.42566,1.42283,1.42436,64546.78071006
2026-05-06 18:45:00+00:00,1.42418,1.42524,1.42233,1.42295,28091.30406752
2026-05-06 19:00:00+00:00,1.42267,1.42646,1.42235,1.42366,108252.85789418
2026-05-06 19:15:00+00:00,1.42335,1.42676,1.42306,1.42523,179298.64625125
2026-05-06 19:30:00+00:00,1.42501,1.42715,1.42438,1.4263,148824.29399105
2026-05-06 19:45:00+00:00,1.42638,1.42894,1.42504,1.42815,172509.74464965
2026-05-06 20:00:00+00:00,1.42804,1.42876,1.42719,1.42833,45233.87563806
2026-05-06 20:15:00+00:00,1.42821,1.42823,1.42607,1.42662,19018.89618641
2026-05-06 20:30:00+00:00,1.42643,1.42668,1.42238,1.42245,51406.66376201
2026-05-06 20:45:00+00:00,1.42202,1.42448,1.42169,1.42448,36449.51481983
2026-05-06 21:00:00+00:00,1.42449,1.42582,1.42239,1.42293,45561.90936079
2026-05-06 21:15:00+00:00,1.42326,1.42514,1.42302,1.42514,21459.34380293
2026-05-06 21:30:00+00:00,1.42514,1.42835,1.42488,1.42767,26051.83773023
2026-05-06 21:45:00+00:00,1.42772,1.42849,1.42682,1.42683,30668.92653337
2026-05-06 22:00:00+00:00,1.42701,1.42713,1.42281,1.42366,118542.07806248
2026-05-06 22:15:00+00:00,1.42393,1.42414,1.42201,1.42203,176460.52487738
2026-05-06 22:30:00+00:00,1.42203,1.42414,1.42202,1.42291,18025.60963338
2026-05-06 22:45:00+00:00,1.42292,1.42346,1.42186,1.42209,31019.1130908
2026-05-06 23:00:00+00:00,1.42209,1.42215,1.41654,1.42066,415523.91163659
2026-05-06 23:15:00+00:00,1.42066,1.4244,1.42066,1.42418,22670.60771014
2026-05-06 23:30:00+00:00,1.42422,1.42427,1.42273,1.42399,21717.00499758
2026-05-06 23:45:00+00:00,1.424,1.42516,1.42342,1.42468,19867.32331275
2026-05-07 00:00:00+00:00,1.42439,1.42552,1.42311,1.42311,10577.18771231
2026-05-07 00:15:00+00:00,1.42296,1.42296,1.42005,1.42005,59277.00018511
2026-05-07 00:30:00+00:00,1.42,1.42034,1.41783,1.41829,35433.10058102
2026-05-07 00:45:00+00:00,1.41827,1.41956,1.41722,1.4181,90757.44122221
2026-05-07 01:00:00+00:00,1.41797,1.4181,1.413,1.41797,87348.80403156
2026-05-07 01:15:00+00:00,1.4178,1.418,1.4135,1.41727,48125.40782235
2026-05-07 01:30:00+00:00,1.41729,1.41909,1.4159,1.41786,184638.9891681
2026-05-07 01:45:00+00:00,1.41765,1.41838,1.41501,1.4155,22686.44363254
2026-05-07 02:00:00+00:00,1.4154,1.41618,1.41013,1.41094,127603.31162917
2026-05-07 02:15:00+00:00,1.41077,1.41241,1.41071,1.41146,75834.47011155
2026-05-07 02:30:00+00:00,1.41138,1.4134,1.41069,1.41196,38777.82420647
2026-05-07 02:45:00+00:00,1.41153,1.414,1.41153,1.41185,14383.26562311
2026-05-07 03:00:00+00:00,1.41178,1.41178,1.41059,1.41063,10388.85223014
2026-05-07 03:15:00+00:00,1.41061,1.41087,1.40389,1.40573,282098.29465503
2026-05-07 03:30:00+00:00,1.40566,1.40756,1.4039,1.407,166884.34559584
2026-05-07 03:45:00+00:00,1.407,1.40779,1.405,1.405,55919.50498781
2026-05-07 04:00:00+00:00,1.40516,1.40773,1.40442,1.40773,56546.04958587
2026-05-07 04:15:00+00:00,1.40718,1.40965,1.40688,1.40884,87568.59935606
2026-05-07 04:30:00+00:00,1.40894,1.40998,1.40527,1.4081,170037.82232799
2026-05-07 04:45:00+00:00,1.40861,1.40942,1.40748,1.40748,23044.50203121
2026-05-07 05:00:00+00:00,1.4077,1.41393,1.40736,1.41086,193487.33247224
2026-05-07 05:15:00+00:00,1.41085,1.41259,1.41036,1.41259,14797.40608075
2026-05-07 05:30:00+00:00,1.41299,1.41432,1.41115,1.4118,106159.13109991
2026-05-07 05:45:00+00:00,1.4118,1.4119,1.41028,1.411,19741.75044053
2026-05-07 06:00:00+00:00,1.411,1.411,1.40501,1.40653,80979.04456942
2026-05-07 06:15:00+00:00,1.40662,1.40878,1.40662,1.40878,12189.16480417
2026-05-07 06:30:00+00:00,1.40917,1.41563,1.40871,1.41534,52552.01266679
2026-05-07 06:45:00+00:00,1.4156,1.41645,1.41422,1.41537,48155.5336583
2026-05-07 07:00:00+00:00,1.41599,1.41885,1.41571,1.41851,4174.93348791
2026-05-07 07:15:00+00:00,1.41902,1.42006,1.41765,1.41779,59205.8592849
2026-05-07 07:30:00+00:00,1.41799,1.42133,1.41799,1.42018,87949.35798921
2026-05-07 07:45:00+00:00,1.42039,1.42132,1.41887,1.4203,30016.61902611
2026-05-07 08:00:00+00:00,1.41993,1.42101,1.418,1.41851,160521.98069497
2026-05-07 08:15:00+00:00,1.41853,1.41887,1.41559,1.41677,177267.04440768
2026-05-07 08:30:00+00:00,1.41677,1.41922,1.41614,1.41662,55665.35042223
2026-05-07 08:45:00+00:00,1.4163,1.41839,1.4154,1.4158,49135.55551903
2026-05-07 09:00:00+00:00,1.41609,1.41609,1.41427,1.41606,122349.59121224
2026-05-07 09:15:00+00:00,1.41539,1.41625,1.41214,1.41276,57485.5866537
2026-05-07 09:30:00+00:00,1.41286,1.41386,1.41068,1.41109,15693.98512535
2026-05-07 09:45:00+00:00,1.41084,1.41185,1.41049,1.41151,15311.22768456
2026-05-07 10:00:00+00:00,1.41152,1.41356,1.41087,1.41172,29248.259377
2026-05-07 10:15:00+00:00,1.4117,1.41277,1.40689,1.40733,42954.98035388
2026-05-07 10:30:00+00:00,1.40822,1.41087,1.40725,1.41066,19327.26438034
2026-05-07 10:45:00+00:00,1.41051,1.41087,1.40925,1.40997,23403.81759666
2026-05-07 11:00:00+00:00,1.40991,1.41295,1.40981,1.41158,27166.21572816
2026-05-07 11:15:00+00:00,1.41112,1.41301,1.41067,1.41132,121806.60788007
2026-05-07 11:30:00+00:00,1.41132,1.41243,1.41075,1.41155,10355.46640356
2026-05-07 11:45:00+00:00,1.4116,1.41197,1.40882,1.4095,32102.97008401
2026-05-07 12:00:00+00:00,1.40943,1.41307,1.40918,1.41299,15856.09663368
2026-05-07 12:15:00+00:00,1.41329,1.41342,1.41157,1.4132,37484.45947429
2026-05-07 12:30:00+00:00,1.41319,1.41467,1.41267,1.41383,48897.79572603
2026-05-07 12:45:00+00:00,1.41383,1.41508,1.41265,1.41457,37022.44060126
2026-05-07 13:00:00+00:00,1.41459,1.41459,1.40908,1.40962,92050.38119757
2026-05-07 13:15:00+00:00,1.40962,1.41225,1.40895,1.41039,34385.34758093
2026-05-07 13:30:00+00:00,1.40973,1.41,1.40271,1.40271,72862.8477773
2026-05-07 13:45:00+00:00,1.40308,1.40407,1.39723,1.40148,461683.5236207
2026-05-07 14:00:00+00:00,1.4012,1.40357,1.39911,1.40347,77274.18850316
2026-05-07 14:15:00+00:00,1.40311,1.40356,1.39664,1.3975,273898.92029712
2026-05-07 14:30:00+00:00,1.39721,1.39721,1.39121,1.39382,424282.19807495
2026-05-07 14:45:00+00:00,1.39382,1.39516,1.39211,1.39317,323933.19141075
2026-05-07 15:00:00+00:00,1.39327,1.39468,1.392,1.39312,63458.61520252
2026-05-07 15:15:00+00:00,1.39298,1.39489,1.38449,1.38753,473544.86527852
2026-05-07 15:30:00+00:00,1.38815,1.39363,1.38748,1.39326,58498.807666
2026-05-07 15:45:00+00:00,1.39326,1.3943,1.39,1.39033,61157.15094093
2026-05-07 16:00:00+00:00,1.39053,1.39179,1.387,1.39026,210770.23899199
2026-05-07 16:15:00+00:00,1.38909,1.39282,1.387,1.39233,50847.99494291
2026-05-07 16:30:00+00:00,1.39233,1.39233,1.38776,1.39049,45175.47430196
2026-05-07 16:45:00+00:00,1.39034,1.39107,1.38738,1.38866,120211.81446791
2026-05-07 17:00:00+00:00,1.38866,1.39209,1.38857,1.39209,24545.48164208
2026-05-07 17:15:00+00:00,1.39192,1.39236,1.385,1.38713,243597.10835499
2026-05-07 17:30:00+00:00,1.38699,1.3899,1.38601,1.38895,151013.19771403
2026-05-07 17:45:00+00:00,1.38956,1.39214,1.38626,1.39184,81441.72777848
2026-05-07 18:00:00+00:00,1.39184,1.39527,1.39184,1.39426,64734.21509803
2026-05-07 18:15:00+00:00,1.39412,1.39603,1.39383,1.39561,39196.64210656
2026-05-07 18:30:00+00:00,1.3955,1.39636,1.3912,1.39133,215023.56925008
2026-05-07 18:45:00+00:00,1.39167,1.39358,1.38913,1.3925,43495.07418335
2026-05-07 19:00:00+00:00,1.39242,1.39247,1.38992,1.39159,45808.26228846
2026-05-07 19:15:00+00:00,1.39164,1.39215,1.38598,1.38598,47793.06294949
2026-05-07 19:30:00+00:00,1.386,1.39034,1.38584,1.38806,50166.11646859
2026-05-07 19:45:00+00:00,1.38819,1.39024,1.38547,1.38574,64462.9517156
2026-05-07 20:00:00+00:00,1.38567,1.39261,1.38566,1.38962,35547.99618221
2026-05-07 20:15:00+00:00,1.39007,1.39061,1.38875,1.39007,84928.22347191
2026-05-07 20:30:00+00:00,1.39001,1.39004,1.38512,1.3857,132192.00446129
2026-05-07 20:45:00+00:00,1.38562,1.38636,1.38155,1.38226,234433.24697846
2026-05-07 21:00:00+00:00,1.38216,1.3845,1.38,1.38266,551229.82809726
2026-05-07 21:15:00+00:00,1.38258,1.38632,1.38144,1.38602,43355.72192164
2026-05-07 21:30:00+00:00,1.38615,1.38689,1.38457,1.38461,60588.38805666
2026-05-07 21:45:00+00:00,1.38463,1.38498,1.3833,1.38398,10748.68361515
2026-05-07 22:00:00+00:00,1.38398,1.38446,1.38035,1.38354,33860.4927781
2026-05-07 22:15:00+00:00,1.38375,1.38671,1.38359,1.38449,48916.64745072
2026-05-07 22:30:00+00:00,1.38444,1.38587,1.38217,1.38296,41389.09412461
2026-05-07 22:45:00+00:00,1.38308,1.38546,1.38308,1.38485,64688.27840591
2026-05-07 23:00:00+00:00,1.38475,1.38684,1.38418,1.3859,71855.55214034
2026-05-07 23:15:00+00:00,1.38638,1.38666,1.38462,1.38595,41232.86785275
2026-05-07 23:30:00+00:00,1.38627,1.38731,1.38559,1.38714,56820.26761005
2026-05-07 23:45:00+00:00,1.38703,1.388,1.38655,1.38663,62228.9167561
2026-05-08 00:00:00+00:00,1.3869,1.3892,1.38601,1.38861,141525.1608089
2026-05-08 00:15:00+00:00,1.38854,1.38927,1.38698,1.38776,23494.10013401
2026-05-08 00:30:00+00:00,1.38755,1.3883,1.38631,1.38681,15469.58249999
2026-05-08 00:45:00+00:00,1.38664,1.38664,1.38414,1.385,154522.97203235
2026-05-08 01:00:00+00:00,1.385,1.38662,1.38317,1.38317,103904.00978368
2026-05-08 01:15:00+00:00,1.38297,1.3845,1.38249,1.38448,35709.66429791
2026-05-08 01:30:00+00:00,1.3845,1.38592,1.3842,1.38569,26025.94261418
2026-05-08 01:45:00+00:00,1.38536,1.38594,1.38456,1.3855,35241.35277395
2026-05-08 02:00:00+00:00,1.3855,1.38589,1.38201,1.38373,148768.60198325
2026-05-08 02:15:00+00:00,1.38331,1.38331,1.38,1.38209,109070.80800775
2026-05-08 02:30:00+00:00,1.3822,1.3856,1.38219,1.3836,148594.07588202
2026-05-08 02:45:00+00:00,1.3836,1.3853,1.38233,1.38328,145812.7362276
2026-05-08 03:00:00+00:00,1.38323,1.38323,1.38,1.382,53850.67877209
2026-05-08 03:15:00+00:00,1.38259,1.38461,1.38259,1.38434,12478.42297777
2026-05-08 03:30:00+00:00,1.38435,1.3867,1.38435,1.38659,9896.31042616
2026-05-08 03:45:00+00:00,1.38651,1.38694,1.38484,1.38527,42628.02577138
2026-05-08 04:00:00+00:00,1.38498,1.3863,1.38498,1.38621,44719.97513879
2026-05-08 04:15:00+00:00,1.38625,1.3868,1.3854,1.386,11767.37959212
2026-05-08 04:30:00+00:00,1.38612,1.38638,1.384,1.384,12693.9873427
2026-05-08 04:45:00+00:00,1.38438,1.3858,1.38436,1.38574,10765.27596209
2026-05-08 05:00:00+00:00,1.3858,1.38597,1.38481,1.38569,122279.36791204
2026-05-08 05:15:00+00:00,1.38579,1.3863,1.38524,1.38547,25387.39299608
2026-05-08 05:30:00+00:00,1.3857,1.38722,1.38552,1.38692,12199.47985898
2026-05-08 05:45:00+00:00,1.38742,1.38742,1.38349,1.38349,38585.54977346
2026-05-08 06:00:00+00:00,1.3834,1.3834,1.38076,1.38257,37157.03838419
2026-05-08 06:15:00+00:00,1.3825,1.383,1.37739,1.3782,187571.52123994
2026-05-08 06:30:00+00:00,1.3779,1.38209,1.37782,1.38075,106001.32948479
2026-05-08 06:45:00+00:00,1.3809,1.3813,1.37985,1.3811,12023.77604193
2026-05-08 07:00:00+00:00,1.3814,1.3814,1.37939,1.37997,19013.75655638
2026-05-08 07:15:00+00:00,1.38054,1.38294,1.37868,1.38004,57590.64548046
2026-05-08 07:30:00+00:00,1.38004,1.38341,1.38004,1.38286,38370.4306285
2026-05-08 07:45:00+00:00,1.38331,1.38444,1.3831,1.38391,15618.37308158
2026-05-08 08:00:00+00:00,1.38391,1.38642,1.382,1.38507,106585.56277567
2026-05-08 08:15:00+00:00,1.38512,1.386,1.38493,1.38568,10500.97507295
2026-05-08 08:30:00+00:00,1.38551,1.38848,1.38548,1.38847,10718.51631973
2026-05-08 08:45:00+00:00,1.38825,1.38969,1.388,1.38822,27397.61145002
2026-05-08 09:00:00+00:00,1.38792,1.38948,1.3867,1.38948,14478.54433241
2026-05-08 09:15:00+00:00,1.3894,1.39115,1.38869,1.38999,36848.72447117
2026-05-08 09:30:00+00:00,1.38976,1.39036,1.38763,1.38764,20912.50073067
2026-05-08 09:45:00+00:00,1.38757,1.38767,1.38557,1.38713,31384.01680011
2026-05-08 10:00:00+00:00,1.38695,1.38842,1.38541,1.38573,44839.54862024
2026-05-08 10:15:00+00:00,1.38561,1.38635,1.38458,1.38544,29247.59604987
2026-05-08 10:30:00+00:00,1.38543,1.39,1.38543,1.38954,48006.84044172
2026-05-08 10:45:00+00:00,1.38954,1.39146,1.38922,1.3896,83348.26540038
2026-05-08 11:00:00+00:00,1.38951,1.39175,1.38951,1.38999,31874.64865223
2026-05-08 11:15:00+00:00,1.39012,1.39219,1.38962,1.3916,25260.24107015
2026-05-08 11:30:00+00:00,1.39159,1.39176,1.38904,1.38918,56233.06718316
2026-05-08 11:45:00+00:00,1.3892,1.39187,1.3892,1.39125,52155.02420411
2026-05-08 12:00:00+00:00,1.39124,1.3922,1.3905,1.39154,40290.41336266
2026-05-08 12:15:00+00:00,1.39154,1.39206,1.39004,1.39074,25867.76630647
2026-05-08 12:30:00+00:00,1.39243,1.394,1.3907,1.39183,50111.62845968
2026-05-08 12:45:00+00:00,1.39183,1.39183,1.3869,1.38759,80608.25031274
2026-05-08 13:00:00+00:00,1.38769,1.38837,1.385,1.38501,132640.01397035
2026-05-08 13:15:00+00:00,1.3861,1.38813,1.38419,1.38468,51601.68962613
2026-05-08 13:30:00+00:00,1.38463,1.38752,1.384,1.38457,54727.39404708
2026-05-08 13:45:00+00:00,1.38453,1.38772,1.38453,1.38623,64545.34866638
2026-05-08 14:00:00+00:00,1.38676,1.39175,1.38676,1.3909,86608.32605008
2026-05-08 14:15:00+00:00,1.39082,1.39633,1.39067,1.39307,138518.89092638
2026-05-08 14:30:00+00:00,1.39271,1.39584,1.3895,1.39557,80984.33137547
2026-05-08 14:45:00+00:00,1.39557,1.396,1.39205,1.39293,35355.79329158
2026-05-08 15:00:00+00:00,1.39279,1.39391,1.39,1.39094,52992.37381172
2026-05-08 15:15:00+00:00,1.39083,1.39116,1.38564,1.38644,65338.15319815
2026-05-08 15:30:00+00:00,1.38664,1.39314,1.38535,1.39292,94514.67353486
2026-05-08 15:45:00+00:00,1.39288,1.39768,1.39243,1.397,66681.53798745
2026-05-08 16:00:00+00:00,1.397,1.39723,1.3931,1.3932,152155.57474906
2026-05-08 16:15:00+00:00,1.39335,1.39687,1.39255,1.39444,34443.02524995
2026-05-08 16:30:00+00:00,1.39469,1.39516,1.39253,1.3945,174612.99275972
2026-05-08 16:45:00+00:00,1.3945,1.39518,1.39321,1.39412,34837.88139808
2026-05-08 17:00:00+00:00,1.39434,1.397,1.39427,1.39695,242757.84928742
2026-05-08 17:15:00+00:00,1.39694,1.40127,1.39689,1.40098,105427.30076403
2026-05-08 17:30:00+00:00,1.40102,1.40747,1.40069,1.4057,643165.78454979
2026-05-08 17:45:00+00:00,1.40589,1.41,1.40589,1.40808,245396.68193825
2026-05-08 18:00:00+00:00,1.4089,1.41393,1.4089,1.41349,116847.23411926
2026-05-08 18:15:00+00:00,1.41366,1.42219,1.41365,1.42046,287902.52585881
2026-05-08 18:30:00+00:00,1.42058,1.4237,1.41907,1.41957,358220.26574525
2026-05-08 18:45:00+00:00,1.41957,1.42436,1.41901,1.41944,111381.83848046
2026-05-08 19:00:00+00:00,1.41929,1.42214,1.41721,1.422,331935.55470266
2026-05-08 19:15:00+00:00,1.4222,1.42647,1.4222,1.42298,191854.98852952
2026-05-08 19:30:00+00:00,1.42299,1.4234,1.42007,1.42025,213431.64915613
2026-05-08 19:45:00+00:00,1.42048,1.42074,1.41656,1.4187,273177.75254056
2026-05-08 20:00:00+00:00,1.41885,1.41887,1.41304,1.41643,148526.5394958
2026-05-08 20:15:00+00:00,1.41655,1.41759,1.41354,1.41484,167249.43170412
2026-05-08 20:30:00+00:00,1.41449,1.41563,1.41296,1.4143,57834.68391558
2026-05-08 20:45:00+00:00,1.41431,1.41438,1.41055,1.41191,244693.04156631
2026-05-08 21:00:00+00:00,1.41222,1.41464,1.41193,1.41411,55002.87757022
2026-05-08 21:15:00+00:00,1.41448,1.41655,1.41425,1.41541,50220.35894364
2026-05-08 21:30:00+00:00,1.41546,1.42085,1.41546,1.42085,91941.96638129
2026-05-08 21:45:00+00:00,1.42047,1.42159,1.41882,1.42159,58774.59074645
2026-05-08 22:00:00+00:00,1.42167,1.42339,1.42165,1.42335,30318.26230546
2026-05-08 22:15:00+00:00,1.42341,1.42359,1.41832,1.41854,83784.8860548
2026-05-08 22:30:00+00:00,1.41921,1.41949,1.418,1.41825,50984.65858518
2026-05-08 22:45:00+00:00,1.41828,1.4195,1.418,1.41854,39486.49122231
2026-05-08 23:00:00+00:00,1.4186,1.41905,1.41671,1.41752,122779.78603378
2026-05-08 23:15:00+00:00,1.41752,1.41829,1.41593,1.4173,115964.92730615
2026-05-08 23:30:00+00:00,1.41702,1.41776,1.4152,1.41625,51786.69723256
2026-05-08 23:45:00+00:00,1.41627,1.41894,1.41572,1.41793,62154.89804235
2026-05-09 00:00:00+00:00,1.41793,1.41996,1.41784,1.41924,20088.8800498
2026-05-09 00:15:00+00:00,1.41923,1.42,1.41833,1.42,144908.4050079
2026-05-09 00:30:00+00:00,1.41999,1.42156,1.41999,1.42119,35933.97775104
2026-05-09 00:45:00+00:00,1.42117,1.425,1.42105,1.42458,80509.35747118
2026-05-09 01:00:00+00:00,1.42452,1.43,1.42452,1.42866,440646.99270895
2026-05-09 01:15:00+00:00,1.4287,1.42897,1.42568,1.4259,42515.87582298
2026-05-09 01:30:00+00:00,1.42663,1.431,1.42647,1.43016,100947.90368925
2026-05-09 01:45:00+00:00,1.43025,1.43482,1.43008,1.43263,237661.00563824
2026-05-09 02:00:00+00:00,1.43263,1.43433,1.4305,1.4305,53835.57550028
2026-05-09 02:15:00+00:00,1.43057,1.43095,1.42868,1.42999,113722.07050377
2026-05-09 02:30:00+00:00,1.43,1.4315,1.42961,1.42986,29945.98097404
2026-05-09 02:45:00+00:00,1.43001,1.43126,1.42773,1.43113,140318.44708925
2026-05-09 03:00:00+00:00,1.43101,1.43253,1.43054,1.43084,23089.43770852
2026-05-09 03:15:00+00:00,1.431,1.43253,1.43099,1.4319,72929.29859676
2026-05-09 03:30:00+00:00,1.43131,1.43131,1.42672,1.42767,87737.53155766
2026-05-09 03:45:00+00:00,1.42722,1.42982,1.42722,1.42895,155801.50941984
2026-05-09 04:00:00+00:00,1.42895,1.43433,1.42895,1.43244,86672.09480659
2026-05-09 04:15:00+00:00,1.43269,1.43296,1.43023,1.43028,661878.89961857
2026-05-09 04:30:00+00:00,1.43026,1.43026,1.42714,1.42791,46097.12722821
2026-05-09 04:45:00+00:00,1.4281,1.43018,1.42725,1.42819,10858.37036937
2026-05-09 05:00:00+00:00,1.42801,1.4281,1.42535,1.426,32950.97688306
2026-05-09 05:15:00+00:00,1.4261,1.4309,1.4261,1.42872,124940.5641122
2026-05-09 05:30:00+00:00,1.42827,1.43,1.428,1.429,38131.92037091
2026-05-09 05:45:00+00:00,1.42943,1.42943,1.42665,1.42707,4780.06498384
2026-05-09 06:00:00+00:00,1.42663,1.42713,1.42509,1.42527,138762.59718204
2026-05-09 06:15:00+00:00,1.4253,1.42627,1.423,1.42582,241081.4247971
2026-05-09 06:30:00+00:00,1.4262,1.42723,1.42346,1.42457,10706.7206588
2026-05-09 06:45:00+00:00,1.42437,1.42615,1.42361,1.42524,9955.30378804
2026-05-09 07:00:00+00:00,1.42525,1.42735,1.42502,1.42709,15982.30475774
2026-05-09 07:15:00+00:00,1.42728,1.42728,1.42431,1.4244,140371.2039952
2026-05-09 07:30:00+00:00,1.42442,1.42609,1.42254,1.42469,173721.64511595
2026-05-09 07:45:00+00:00,1.42469,1.42469,1.42334,1.42381,5655.09023853
2026-05-09 08:00:00+00:00,1.42382,1.4252,1.42306,1.42498,55927.33062379
2026-05-09 08:15:00+00:00,1.42522,1.42545,1.42419,1.42432,18978.58597853
2026-05-09 08:30:00+00:00,1.42432,1.42458,1.42349,1.42408,115885.004668
2026-05-09 08:45:00+00:00,1.42429,1.42502,1.42406,1.42463,3279.92459906
2026-05-09 09:00:00+00:00,1.42436,1.42539,1.42268,1.42317,11493.83381111
2026-05-09 09:15:00+00:00,1.42298,1.42298,1.41951,1.42035,18189.21072462
2026-05-09 09:30:00+00:00,1.42039,1.42202,1.41977,1.42065,16594.55661294
2026-05-09 09:45:00+00:00,1.42087,1.42146,1.41802,1.41916,51661.35379814
2026-05-09 10:00:00+00:00,1.4192,1.4194,1.41727,1.4194,28482.18318623
2026-05-09 10:15:00+00:00,1.41908,1.42003,1.41869,1.41906,8249.38128508
2026-05-09 10:30:00+00:00,1.41893,1.42262,1.41891,1.4226,9633.23071528
2026-05-09 10:45:00+00:00,1.42175,1.42181,1.42072,1.421,78136.99408479
2026-05-09 11:00:00+00:00,1.42079,1.42227,1.42039,1.42115,66248.17309824
2026-05-09 11:15:00+00:00,1.42117,1.42262,1.42098,1.42262,16952.27691418
2026-05-09 11:30:00+00:00,1.42265,1.42265,1.42191,1.42215,7407.83192836
2026-05-09 11:45:00+00:00,1.42204,1.42272,1.42172,1.4223,6613.01629177
2026-05-09 12:00:00+00:00,1.422,1.42266,1.4202,1.42083,148946.27630933
2026-05-09 12:15:00+00:00,1.4207,1.4219,1.41946,1.42139,82864.62236743
2026-05-09 12:30:00+00:00,1.42167,1.42167,1.41992,1.42103,26675.56399293
2026-05-09 12:45:00+00:00,1.42085,1.4216,1.42023,1.42049,10035.39664733
2026-05-09 13:00:00+00:00,1.42049,1.42049,1.41933,1.41999,115819.53704642
2026-05-09 13:15:00+00:00,1.42,1.42027,1.417,1.41802,16039.79716029
2026-05-09 13:30:00+00:00,1.41801,1.41864,1.41644,1.4184,111275.66501094
2026-05-09 13:45:00+00:00,1.41851,1.41984,1.41804,1.41968,16048.62460531
2026-05-09 14:00:00+00:00,1.42021,1.42108,1.41884,1.42005,74782.79400312
2026-05-09 14:15:00+00:00,1.42,1.42,1.416,1.41729,35297.21828291
2026-05-09 14:30:00+00:00,1.4177,1.41782,1.41607,1.41714,53343.53392782
2026-05-09 14:45:00+00:00,1.41715,1.41789,1.415,1.41544,97256.78252997
2026-05-09 15:00:00+00:00,1.41507,1.4159,1.412,1.4121,86578.5053573
2026-05-09 15:15:00+00:00,1.41236,1.41469,1.41236,1.41461,22571.18107119
2026-05-09 15:30:00+00:00,1.41467,1.41569,1.41378,1.4141,28709.25534671
2026-05-09 15:45:00+00:00,1.41368,1.41472,1.41334,1.4143,190833.32425789
2026-05-09 16:00:00+00:00,1.4143,1.41641,1.41145,1.4164,151248.19466727
2026-05-09 16:15:00+00:00,1.41664,1.42023,1.41664,1.41747,200534.98071145
2026-05-09 16:30:00+00:00,1.41745,1.41805,1.4167,1.41671,27547.6761645
2026-05-09 16:45:00+00:00,1.41683,1.41867,1.41572,1.41663,138124.0480675
2026-05-09 17:00:00+00:00,1.4173,1.42135,1.41716,1.41958,56269.7960838
2026-05-09 17:15:00+00:00,1.4196,1.42221,1.4196,1.42221,66388.65445211
2026-05-09 17:30:00+00:00,1.42229,1.42355,1.42145,1.42177,76343.21395143
2026-05-09 17:45:00+00:00,1.42172,1.42209,1.42035,1.42106,14687.49787617
2026-05-09 18:00:00+00:00,1.42139,1.42257,1.42113,1.42204,15158.15082739
2026-05-09 18:15:00+00:00,1.42186,1.42463,1.42111,1.42416,21796.88440282
2026-05-09 18:30:00+00:00,1.424,1.42435,1.42227,1.42267,12796.30766172
2026-05-09 18:45:00+00:00,1.42255,1.42261,1.42113,1.42213,66456.78170974
2026-05-09 19:00:00+00:00,1.4222,1.42288,1.42161,1.42256,27737.3559576
2026-05-09 19:15:00+00:00,1.42256,1.42268,1.42119,1.42237,28214.26930353
2026-05-09 19:30:00+00:00,1.42256,1.42353,1.42234,1.42324,31066.13860347
2026-05-09 19:45:00+00:00,1.42275,1.42405,1.42234,1.4236,12229.29504081
2026-05-09 20:00:00+00:00,1.42398,1.42406,1.42213,1.42222,6526.62739594
2026-05-09 20:15:00+00:00,1.42222,1.42222,1.42032,1.42122,188077.90974501
2026-05-09 20:30:00+00:00,1.42123,1.4219,1.42028,1.42147,23736.22509522
2026-05-09 20:45:00+00:00,1.42138,1.42166,1.42074,1.42127,16687.16741564
2026-05-09 21:00:00+00:00,1.42143,1.42363,1.4208,1.42248,11325.30062191
2026-05-09 21:15:00+00:00,1.42245,1.4229,1.42102,1.4221,24378.54520637
2026-05-09 21:30:00+00:00,1.42191,1.4221,1.42122,1.42149,7157.35891226
2026-05-09 21:45:00+00:00,1.42132,1.42237,1.42125,1.42231,29805.18489663
2026-05-09 22:00:00+00:00,1.42224,1.42282,1.42125,1.42156,18746.76930364
2026-05-09 22:15:00+00:00,1.42151,1.4231,1.42151,1.42306,13156.1157648
2026-05-09 22:30:00+00:00,1.42296,1.42458,1.42137,1.42455,18571.52818562
2026-05-09 22:45:00+00:00,1.42458,1.42471,1.4227,1.42298,120893.73265701
2026-05-09 23:00:00+00:00,1.42302,1.42462,1.42197,1.4222,19930.48111224
2026-05-09 23:15:00+00:00,1.42203,1.42237,1.42,1.42028,26441.46714092
2026-05-09 23:30:00+00:00,1.42029,1.42035,1.41927,1.41948,86276.8586886
2026-05-09 23:45:00+00:00,1.41948,1.42066,1.41948,1.42018,29914.51610804
2026-05-10 00:00:00+00:00,1.42018,1.42027,1.41854,1.42027,36961.11767012
2026-05-10 00:15:00+00:00,1.42027,1.42219,1.42017,1.42078,21749.83357444
2026-05-10 00:30:00+00:00,1.42093,1.42134,1.41897,1.41954,20103.28475317
2026-05-10 00:45:00+00:00,1.4191,1.41926,1.41569,1.41625,476295.13963712
2026-05-10 01:00:00+00:00,1.41646,1.41655,1.41432,1.41505,52545.89859602
2026-05-10 01:15:00+00:00,1.41522,1.4158,1.41168,1.41206,91705.75829495
2026-05-10 01:30:00+00:00,1.4122,1.41322,1.41147,1.41261,94425.11403446
2026-05-10 01:45:00+00:00,1.4126,1.41543,1.41245,1.41431,409808.71763015
2026-05-10 02:00:00+00:00,1.41431,1.41533,1.41328,1.41498,15450.47943813
2026-05-10 02:15:00+00:00,1.41519,1.42203,1.41502,1.42169,45080.12255576
2026-05-10 02:30:00+00:00,1.4216,1.42179,1.41677,1.41711,110661.7668367
2026-05-10 02:45:00+00:00,1.41706,1.41773,1.41663,1.41668,17285.30988718
2026-05-10 03:00:00+00:00,1.41708,1.41868,1.4153,1.4153,11202.93599988
2026-05-10 03:15:00+00:00,1.41552,1.41945,1.41421,1.41654,307813.06687431
2026-05-10 03:30:00+00:00,1.4166,1.41938,1.41625,1.41753,26958.76939115
2026-05-10 03:45:00+00:00,1.41758,1.41816,1.41719,1.41745,28004.58412579
2026-05-10 04:00:00+00:00,1.41684,1.41756,1.41424,1.41575,165996.14209637
2026-05-10 04:15:00+00:00,1.41647,1.41665,1.4153,1.41665,13733.26870567
2026-05-10 04:30:00+00:00,1.41645,1.41869,1.41642,1.41794,8573.15007123
2026-05-10 04:45:00+00:00,1.41748,1.41899,1.41654,1.41777,8081.57010094
2026-05-10 05:00:00+00:00,1.4177,1.41775,1.41653,1.41704,7721.82038852
2026-05-10 05:15:00+00:00,1.41744,1.41951,1.41725,1.41905,8707.38459331
2026-05-10 05:30:00+00:00,1.41905,1.41949,1.41803,1.41816,5667.52824975
2026-05-10 05:45:00+00:00,1.41801,1.41868,1.41784,1.418,6041.6310676
2026-05-10 06:00:00+00:00,1.41786,1.4183,1.41635,1.4166,6319.34984733
2026-05-10 06:15:00+00:00,1.41676,1.41692,1.41574,1.41581,2561.49083043
2026-05-10 06:30:00+00:00,1.41579,1.4181,1.41562,1.417,190308.8051917
2026-05-10 06:45:00+00:00,1.417,1.41814,1.41651,1.41814,42422.7327147
2026-05-10 07:00:00+00:00,1.41828,1.42066,1.41763,1.41763,8961.949491
2026-05-10 07:15:00+00:00,1.41743,1.42072,1.41743,1.41983,3833.00020393
2026-05-10 07:30:00+00:00,1.41983,1.42012,1.41926,1.42001,21769.83044381
2026-05-10 07:45:00+00:00,1.42006,1.42136,1.41977,1.42,4675.01099081
2026-05-10 08:00:00+00:00,1.42001,1.42364,1.41897,1.42264,21208.38897455
2026-05-10 08:15:00+00:00,1.4222,1.42556,1.42137,1.42497,42911.31134983
2026-05-10 08:30:00+00:00,1.42513,1.4265,1.42425,1.42468,39728.2374923
2026-05-10 08:45:00+00:00,1.42457,1.42687,1.42456,1.42687,74600.66843264
2026-05-10 09:00:00+00:00,1.42687,1.42859,1.42678,1.42751,39402.70862767
2026-05-10 09:15:00+00:00,1.42746,1.42755,1.4258,1.426,20519.92942648
2026-05-10 09:30:00+00:00,1.42599,1.42707,1.42331,1.42579,158478.03665384
2026-05-10 09:45:00+00:00,1.42729,1.42839,1.42715,1.42839,19447.01164063
2026-05-10 10:00:00+00:00,1.42806,1.42958,1.42509,1.42943,20237.35951885
2026-05-10 10:15:00+00:00,1.42937,1.43,1.42589,1.42734,157768.02294954
2026-05-10 10:30:00+00:00,1.42734,1.42734,1.42481,1.42481,12423.94606454
2026-05-10 10:45:00+00:00,1.42489,1.4278,1.42489,1.42776,23716.53845955
2026-05-10 11:00:00+00:00,1.42755,1.42755,1.42378,1.42378,16147.54600863
2026-05-10 11:15:00+00:00,1.4251,1.4251,1.41856,1.42225,51462.12002075
2026-05-10 11:30:00+00:00,1.42213,1.42328,1.42187,1.42217,21105.53048924
2026-05-10 11:45:00+00:00,1.4221,1.42385,1.42168,1.42298,7121.82657308
2026-05-10 12:00:00+00:00,1.42312,1.42364,1.42153,1.42272,10244.67820894
2026-05-10 12:15:00+00:00,1.42272,1.42403,1.42216,1.42255,6853.33840632
2026-05-10 12:30:00+00:00,1.42255,1.42291,1.42092,1.42243,17622.64519667
2026-05-10 12:45:00+00:00,1.42261,1.42359,1.42253,1.42359,28762.9713982
2026-05-10 13:00:00+00:00,1.42385,1.42731,1.42319,1.42703,50338.67194384
2026-05-10 13:15:00+00:00,1.42695,1.43228,1.42689,1.43193,72861.81390483
2026-05-10 13:30:00+00:00,1.43181,1.43397,1.4308,1.43116,106741.02095187
2026-05-10 13:45:00+00:00,1.43116,1.43209,1.43057,1.43193,52737.32715135
2026-05-10 14:00:00+00:00,1.43194,1.43342,1.43083,1.43199,35286.81449385
2026-05-10 14:15:00+00:00,1.4317,1.43209,1.42918,1.43029,46852.80741399
2026-05-10 14:30:00+00:00,1.43102,1.43673,1.43077,1.43519,248336.96944025
2026-05-10 14:45:00+00:00,1.4351,1.43602,1.43238,1.43462,114959.50661646
2026-05-10 15:00:00+00:00,1.43467,1.43589,1.43393,1.43566,30580.38888854
2026-05-10 15:15:00+00:00,1.4352,1.43681,1.43424,1.43582,258239.44237711
2026-05-10 15:30:00+00:00,1.43582,1.44314,1.43582,1.44272,163106.80315542
2026-05-10 15:45:00+00:00,1.44252,1.44467,1.44134,1.44406,99660.50867482
2026-05-10 16:00:00+00:00,1.44407,1.45419,1.44251,1.45127,377059.94301648
2026-05-10 16:15:00+00:00,1.45175,1.47235,1.44785,1.46782,1235661.78834271
2026-05-10 16:30:00+00:00,1.46789,1.47871,1.46789,1.47321,1000990.28244252
2026-05-10 16:45:00+00:00,1.47277,1.47456,1.4686,1.4717,710479.4401353
2026-05-10 17:00:00+00:00,1.47181,1.484,1.47174,1.484,745297.19297704
2026-05-10 17:15:00+00:00,1.4849,1.49771,1.48283,1.49693,1779919.24669525
2026-05-10 17:30:00+00:00,1.49693,1.49729,1.48758,1.49668,515348.29300645
2026-05-10 17:45:00+00:00,1.49642,1.50745,1.49105,1.50442,1156631.71730054
2026-05-10 18:00:00+00:00,1.505,1.50589,1.50011,1.50086,510730.71052039
2026-05-10 18:15:00+00:00,1.50077,1.5039,1.49525,1.49958,424166.33619906
2026-05-10 18:30:00+00:00,1.49955,1.5,1.485,1.48566,1710092.29490186
2026-05-10 18:45:00+00:00,1.48566,1.48865,1.48489,1.48595,699760.20925127
2026-05-10 19:00:00+00:00,1.48595,1.48595,1.47511,1.47957,755335.11712145
2026-05-10 19:15:00+00:00,1.47975,1.48909,1.47965,1.48854,521328.87717675
2026-05-10 19:30:00+00:00,1.48817,1.49095,1.4856,1.4885,96993.19442659
2026-05-10 19:45:00+00:00,1.48861,1.48957,1.48114,1.48643,119834.84920376
2026-05-10 20:00:00+00:00,1.48663,1.4893,1.479,1.479,109931.63795258
2026-05-10 20:15:00+00:00,1.479,1.47942,1.47127,1.47579,499649.19721425
2026-05-10 20:30:00+00:00,1.475,1.47501,1.46115,1.46156,741385.67661855
2026-05-10 20:45:00+00:00,1.46191,1.46236,1.43675,1.45001,1158361.59887723
2026-05-10 21:00:00+00:00,1.44917,1.45681,1.44406,1.44812,807896.44121224
2026-05-10 21:15:00+00:00,1.44823,1.45698,1.44735,1.45698,248851.05027688
2026-05-10 21:30:00+00:00,1.45765,1.46396,1.45508,1.46125,185005.50905786
2026-05-10 21:45:00+00:00,1.46165,1.46394,1.45493,1.45501,378256.63051013
2026-05-10 22:00:00+00:00,1.45467,1.46658,1.4534,1.46301,274598.99845244
2026-05-10 22:15:00+00:00,1.4633,1.47061,1.46063,1.46689,346946.51405281
2026-05-10 22:30:00+00:00,1.46704,1.47303,1.46399,1.46973,873729.43457137
2026-05-10 22:45:00+00:00,1.47015,1.47452,1.46986,1.47323,546647.38515391
2026-05-10 23:00:00+00:00,1.47353,1.4761,1.472,1.47375,101952.41768386
2026-05-10 23:15:00+00:00,1.4741,1.47504,1.4695,1.47267,77062.15345081
2026-05-10 23:30:00+00:00,1.4725,1.47677,1.47205,1.47636,32653.23291265
2026-05-10 23:45:00+00:00,1.47659,1.47659,1.47168,1.4729,28382.25334621
2026-05-11 00:00:00+00:00,1.47351,1.47759,1.46937,1.4697,220442.68807715
2026-05-11 00:15:00+00:00,1.46999,1.47,1.46001,1.46065,207386.77190609
2026-05-11 00:30:00+00:00,1.46072,1.46882,1.45795,1.4591,114522.20685759
2026-05-11 00:45:00+00:00,1.45837,1.4614,1.45294,1.45838,317729.60601723
2026-05-11 01:00:00+00:00,1.45796,1.46447,1.4527,1.46084,299195.40939161
2026-05-11 01:15:00+00:00,1.46089,1.46818,1.4598,1.46557,33199.62589074
2026-05-11 01:30:00+00:00,1.46529,1.4656,1.4607,1.46259,264321.98512149
2026-05-11 01:45:00+00:00,1.46216,1.46298,1.45767,1.46062,60503.52345416
2026-05-11 02:00:00+00:00,1.4607,1.462,1.4547,1.45532,59288.28389471
2026-05-11 02:15:00+00:00,1.45477,1.45545,1.45126,1.45545,71882.10942142
2026-05-11 02:30:00+00:00,1.45434,1.45558,1.44925,1.45262,47429.82917099
2026-05-11 02:45:00+00:00,1.45234,1.45554,1.45234,1.45339,21932.33259596
2026-05-11 03:00:00+00:00,1.45382,1.45395,1.44219,1.44262,614601.63828838
2026-05-11 03:15:00+00:00,1.44262,1.4462,1.44262,1.4432,285683.48306708
2026-05-11 03:30:00+00:00,1.4432,1.44625,1.44,1.44622,67050.7568417
2026-05-11 03:45:00+00:00,1.44622,1.44896,1.44611,1.44854,62753.60062843
2026-05-11 04:00:00+00:00,1.44771,1.44771,1.44621,1.44752,3018.28096531
